full_name,wallet_usd
Lianna Hartridge,247.59
Kaja Medendorp,211.37
Kalil Manton,298.49
Tommy Grimwood,243.1
Reamonn Raybould,234.24
Ethelda Prandoni,222.13
Aubine Dimitrie,285.89
Persis Carter,283.58
Mellie Beams,285.97
Zarla Fearnehough,264.94
Susi Breitling,293.1
Dorri Presnell,200.19
Karyl Gauld,273.33
Emilia Tamblingson,210.97
Aileen Pughsley,253.5
Gorden Planke,221.88
Rutter Barkes,222.29
Yvon Lahy,243.71
Nola Bowering,259.28
Alvera Treppas,267.1
Park Gronous,204.7
Berget Crusham,246.41
Susanne Hutchinson,236.06
Nicola Antonovic,246.37
Constanta Korda,290.91
Alf Webb-Bowen,221.61
Buckie Denton,253.4
Paulette Diglin,268.96
Hamlin Keysall,290.7
Sibbie Defries,259.32
Trev Stickels,253.58
Miranda Arton,241.41
Cornela Morse,218.36
Hugues Behnke,271.3
Carlee Alphege,285.03
Peterus Borit,295.33
Bentley Benkin,214.44
Kakalina Friskey,292.36
Win Alexandrescu,293.16
Say Duetsche,285.8
Kendre Beeden,245.09
Ethelyn Woolcocks,296.69
Giraldo Chuter,280.51
Merle Dunseath,230.49
Fredra Fryers,291.79
Alwin Mauditt,219.28
Cary Gennrich,214.93
Oona Sima,290.59
Honey Boyett,217.53
Travus Rupprecht,200.83
Edvard Balsellie,235.62
Christalle Newhouse,242.11
Jarred Wisham,286.04
Caril Tinston,200.51
Alyce Vasilkov,244.53
Terence Phillcox,258.81
Isak Kinnear,219.7
Sonja Corro,299.81
Blanche Boggish,261.97
Ichabod Devonside,244.02
Douglas Franciskiewicz,253.85
Minerva Harkness,245.49
Phelia Mugridge,243.06
Otho Peevor,272.31
Lottie Dutson,284.52
Florence McCarroll,297.24
Vikki MacAfee,273.06
Johanna Garham,294.4
Cletus McIlraith,225.76
Guntar Josifovitz,220.27
Juana Peirazzi,200.69
Reina Keming,254.47
Arleen Billyeald,299.42
Georgianna Ferbrache,227.49
Marjory Baswall,230.12
Timofei Lochet,257.97
Dorree Cristobal,217.97
Ebonee Kobisch,217.04
Vail Thoma,216.93
Harvey Krysztowczyk,270.25
Sheridan Vanyukov,283.28
Kip Keer,295.96
Zara Ebbotts,233.9
Jobyna Housiaux,264.53
Barbie O'Cahsedy,218.45
Diena Clappison,226.36
Oliy Heading,288.69
Terese Going,262.5
Ann Riby,296.17
Myles Ashbolt,214.38
Layney Leall,262.53
Stefano Beswick,270.42
Elston Meekin,208.09
Renell Cristoforo,294.94
Joni Battin,292.0
Margaux Maplestone,253.87
Page Gronou,294.69
Paulo McPhaden,263.62
Calli Elcoate,216.17
Mattheus Christou,244.84
Jenica Mattacks,239.79
Maiga Cartmail,227.1
Fredra Burgon,221.65
Vladamir Gooderridge,286.21
Ardelis Longstreet,239.14
Lambert Yuill,254.14
Mathian Rowlings,241.58
Sophie Morch,244.14
Kenny Ockleshaw,260.14
Noel Oty,279.02
Karisa Whittick,230.54
Ingelbert Monckton,273.41
Natty Hoyer,222.21
Chandra Banane,298.14
Koressa Pill,215.31
Ivett Yarnell,272.44
Betsey Stoner,295.26
Feliks Rosewarne,251.81
Maridel Alphege,211.48
Richard McWhan,202.97
Bay Bolzen,291.71
Domini Mangeney,263.5
Malina Reddish,205.23
Huberto Hardingham,276.92
Bria Abdey,246.33
Carleton Laverick,289.21
Cairistiona Bartoleyn,227.75
Caye Peebles,228.2
Beryle Keely,240.57
Gregory Simons,201.27
Annamaria Gobel,239.45
Isobel De Haven,276.98
Kalil Tranmer,237.53
Jackqueline Degli Antoni,283.06
Obidiah Monelle,266.74
Meggie Shynn,232.88
Louella Coult,278.81
Benton Grzeszczak,221.47
Prentiss Finicj,281.91
Sean Digwood,275.7
Chere Teager,232.28
Tessi Sanderson,236.98
Julissa Chesswas,290.26
Sarge Savine,204.47
Bowie Colisbe,236.73
Priscella Licciardiello,258.32
Olivia Thinn,282.59
Loraine Challace,202.76
Yardley Vest,285.28
Wilbur Oakinfold,265.24
Lothario McNiven,238.0
Findley Freegard,251.78
Rockwell Ullrich,284.18
Julia Meigh,298.86
Taddeusz Grimmert,265.67
Lizette Wythe,210.22
Waneta Sleeford,215.13
Calypso Bowne,257.98
Maryl Rossander,228.71
Bennett Lothlorien,295.82
Forbes Meddick,207.16
Larissa Suscens,297.95
Hercule Collidge,274.72
Isacco Ixer,240.53
Finlay Eary,299.35
Polly Dorey,265.7
Lissy Jedraszczyk,235.9
Thurstan Brandom,208.1
Gardner Lewry,269.49
Dell Bullier,291.44
Pernell Beecroft,286.14
Ardra Orrell,284.39
Carlos Dreamer,209.68
Florance Oggers,212.47
Melinda Knewstub,228.16
Ly Kobpal,290.47
Blondelle Waite,286.0
Hayley Ewbanck,295.78
Trueman Jencken,221.27
Annaliese Brompton,275.52
Katherina Froment,208.92
Abbie Greengrass,246.63
Gwenora Macrae,245.53
Clarinda Murrthum,216.35
Sherye Paolotto,271.47
Denny Benedito,241.34
Tedra Colnett,297.55
Tanya Dunlop,275.17
Amos O'Cahill,211.51
Quint Lennox,266.71
Bari Yard,291.2
Walther Favelle,219.45
Jeanelle Garbar,243.47
Christie Rowlatt,269.97
Glyn Carillo,267.77
Alexandre Lyddon,293.75
Michal Caldecutt,214.83
Donnie Escale,209.64
Ignace Pearmine,282.28
Lorin Saintpierre,289.6
